﻿<?xml version="1.0" encoding="utf-8" standalone="no" ?>
<modDesc descVersion="47">
    <author>Wopster</author>
    <version>1.0.0.0</version>
    <title>
        <en>Fendt 500 Favorit</en>
        <de>Fendt 500 Favorit</de>
    </title>
    <description>
        <en>
            <![CDATA[Fendt 500 Favorit]]>
        </en>
    </description>
    <iconFilename>$data/vehicles/fendt/favorit500/store_favorit500.png</iconFilename>
    <multiplayer supported="true"/>
    <storeItems>
        <storeItem xmlFilename="favorit500.xml"/>
    </storeItems>

	<specializations>
        <specialization name="tirePressure" className="TirePressure" filename="TirePressure.lua" />
    </specializations>
	
	<vehicleTypes>
		<type name="tractorTirePressure" parent="tractor" filename="$dataS/scripts/vehicles/Vehicle.lua">
			<specialization name="tirePressure" />
		</type>
	</vehicleTypes>
	
	<actions>
        <action name="TP_AXIS_PRESSURE" axisType="FULL"/>
        <action name="TP_TOGGLE_PRESSURE" axisType="HALF"/>
    </actions>
	
    <inputBinding>
		<actionBinding action="TP_TOGGLE_PRESSURE">
            <binding device="KB_MOUSE_DEFAULT" input="KEY_lctrl KEY_p"/>
		</actionBinding>
		<actionBinding action="TP_AXIS_PRESSURE">
			<binding device="KB_MOUSE_DEFAULT" input="KEY_lctrl KEY_pageup" axisComponent="+"/>
			<binding device="KB_MOUSE_DEFAULT" input="KEY_lctrl KEY_pagedown" axisComponent="-"/>
		</actionBinding>
    </inputBinding>
	
	<l10n>
        <text name="information_tirePressure">
            <en>Tire pressure [target: %1.2f bar] [current: %1.2f bar]</en>
        </text>
        <text name="action_toggleTirePressure">
            <en>Toggle pressure</en>
        </text>
        <text name="input_TP_TOGGLE_PRESSURE">
            <en>Update pressure</en>
        </text>
        <text name="input_TP_AXIS_PRESSURE_1">
            <en>Inflate</en>
        </text>
		<text name="input_TP_AXIS_PRESSURE_2">
            <en>Deflate</en>
        </text>
	</l10n>
</modDesc>
